episode,total_reward,steps,final_score,completed_tasks,expired_tasks
0.0,2997.5302497790008,67.0,2518.9205472098265,28.0,2.0
1.0,2997.5302497790008,67.0,2518.9205472098265,28.0,2.0
2.0,2997.5302497790008,67.0,2518.9205472098265,28.0,2.0
3.0,2997.5302497790008,67.0,2518.9205472098265,28.0,2.0
4.0,2997.5302497790008,67.0,2518.9205472098265,28.0,2.0
