episode,total_reward,steps,final_score,completed_tasks,expired_tasks
0.0,2902.974907795314,67.0,2424.365205226139,28.0,2.0
1.0,2902.974907795314,67.0,2424.365205226139,28.0,2.0
2.0,2902.974907795314,67.0,2424.365205226139,28.0,2.0
3.0,2902.974907795314,67.0,2424.365205226139,28.0,2.0
4.0,2902.974907795314,67.0,2424.365205226139,28.0,2.0
