episode,total_reward,steps,final_score,completed_tasks,expired_tasks
0.0,2915.2783722274417,74.0,2462.426306477748,28.0,2.0
1.0,3246.916969846797,88.0,2726.690491332795,30.0,0.0
2.0,2707.997439634227,70.0,2289.0985062072523,26.0,4.0
3.0,3270.487837429411,82.0,2739.4788745880633,30.0,0.0
4.0,2791.90322069685,81.0,2362.1276666784784,27.0,3.0
