episode,total_reward,steps,final_score,completed_tasks,expired_tasks
0.0,2476.874830026564,80.0,2256.407509949819,29.0,20.0
1.0,2909.8487101644714,92.0,2611.3213583916504,31.0,12.0
2.0,3187.154093395075,93.0,2820.9886398229546,33.0,8.0
3.0,4204.143383883411,106.0,3668.8994851715356,41.0,6.0
4.0,3151.1621070329716,94.0,2822.5941994030095,34.0,14.0
