episode,total_reward,steps,final_score,completed_tasks,expired_tasks
0.0,2684.8686067092867,102.0,2335.3885454713027,34.0,8.0
1.0,2684.8686067092867,102.0,2335.3885454713027,34.0,8.0
2.0,2684.8686067092867,102.0,2335.3885454713027,34.0,8.0
3.0,2684.8686067092867,102.0,2335.3885454713027,34.0,8.0
4.0,2684.8686067092867,102.0,2335.3885454713027,34.0,8.0
