{
  "best_eval_score": 2372.9651447884116,
  "best_episode": 94,
  "final_epsilon": 0.07339156434523345,
  "episodes_ran": 200,
  "stop_reason": "max_episodes"
}