episode,total_reward,steps,final_score,completed_tasks,expired_tasks
0.0,2920.3329778733555,73.0,2459.615331929841,28.0,2.0
1.0,2922.8311518617443,76.0,2451.189721118292,27.0,0.0
2.0,2611.710336569598,66.0,2195.078350101728,24.0,0.0
3.0,3067.1192687473253,75.0,2568.3481150708817,28.0,0.0
4.0,2755.883211701259,72.0,2321.2417487966127,26.0,1.0
