episode,total_reward,steps,final_score,completed_tasks,expired_tasks
0.0,3044.882984271259,69.0,2554.642010342717,28.0,0.0
1.0,3044.882984271259,69.0,2554.642010342717,28.0,0.0
2.0,3044.882984271259,69.0,2554.642010342717,28.0,0.0
3.0,3044.882984271259,69.0,2554.642010342717,28.0,0.0
4.0,3044.882984271259,69.0,2554.642010342717,28.0,0.0
