episode,total_reward,steps,final_score,completed_tasks,expired_tasks
0.0,3044.403195474205,69.0,2554.162221545663,28.0,0.0
1.0,3044.403195474205,69.0,2554.162221545663,28.0,0.0
2.0,3044.403195474205,69.0,2554.162221545663,28.0,0.0
3.0,3044.403195474205,69.0,2554.162221545663,28.0,0.0
4.0,3044.403195474205,69.0,2554.162221545663,28.0,0.0
