{
  "best_eval_score": 2554.2537217660492,
  "best_episode": 182,
  "final_epsilon": 0.07339156434523345,
  "episodes_ran": 200,
  "stop_reason": "max_episodes"
}