{
  "best_eval_score": 2554.713605516402,
  "best_episode": 179,
  "final_epsilon": 0.07339156434523345,
  "episodes_ran": 200,
  "stop_reason": "max_episodes"
}