episode,total_reward,steps,final_score,completed_tasks,expired_tasks
0.0,2476.874830026564,80.0,2256.407509949819,29.0,20.0
1.0,2909.8487101644714,92.0,2611.3213583916504,31.0,12.0
2.0,3673.328574813452,96.0,3233.4551256408427,37.0,6.0
3.0,4286.874725121792,107.0,3752.9208417218274,42.0,7.0
4.0,3154.044036442868,94.0,2821.6018705966676,34.0,14.0
