episode,total_reward,steps,final_score,completed_tasks,expired_tasks
0.0,3180.741181757208,101.0,2822.6763904001973,33.0,7.0
1.0,3180.741181757208,101.0,2822.6763904001973,33.0,7.0
2.0,3180.741181757208,101.0,2822.6763904001973,33.0,7.0
3.0,3180.741181757208,101.0,2822.6763904001973,33.0,7.0
4.0,3180.741181757208,101.0,2822.6763904001973,33.0,7.0
