{
  "best_eval_score": 2904.659901707912,
  "best_episode": 0,
  "final_epsilon": 0.07339156434523345,
  "episodes_ran": 200,
  "stop_reason": "max_episodes"
}