episode,total_reward,steps,final_score,completed_tasks,expired_tasks
0.0,2706.698762141827,122.0,2676.2337564020318,39.0,48.0
1.0,1695.8555180153185,130.0,1868.5944104800255,32.0,54.0
2.0,3891.5800565003447,159.0,3795.804219548091,50.0,38.0
3.0,4601.989902080499,157.0,4276.434215140642,53.0,31.0
4.0,2591.692875478805,137.0,2637.4341231116405,39.0,47.0
