episode,total_reward,steps,final_score,completed_tasks,expired_tasks
0.0,3440.5033341484395,165.0,3374.6948445979006,45.0,36.0
1.0,3440.5033341484395,165.0,3374.6948445979006,45.0,36.0
2.0,3440.5033341484395,165.0,3374.6948445979006,45.0,36.0
3.0,3440.5033341484395,165.0,3374.6948445979006,45.0,36.0
4.0,3440.5033341484395,165.0,3374.6948445979006,45.0,36.0
