episode,total_reward,steps,final_score,completed_tasks,expired_tasks
0.0,2588.2770394281188,173.0,2417.1689664797873,52.0,32.0
1.0,2588.2770394281188,173.0,2417.1689664797873,52.0,32.0
2.0,2588.2770394281188,173.0,2417.1689664797873,52.0,32.0
3.0,2588.2770394281188,173.0,2417.1689664797873,52.0,32.0
4.0,2588.2770394281188,173.0,2417.1689664797873,52.0,32.0
